passwd	adduser	Depends
liblocale-gettext-perl	adduser	Suggests
perl	adduser	Suggests
cron	adduser	Suggests
quota	adduser	Suggests
base-passwd	apt	Depends
adduser	apt	Depends
sqv	apt	Depends
libapt-pkg7.0	apt	Depends
debian-archive-keyring	apt	Depends
libc6	apt	Depends
libgcc-s1	apt	Depends
libseccomp2	apt	Depends
libssl3t64	apt	Depends
libstdc++6	apt	Depends
libsystemd0	apt	Depends
ca-certificates	apt	Recommends
apt-doc	apt	Suggests
aptitude	apt	Suggests
synaptic	apt	Suggests
wajig	apt	Suggests
dpkg-dev	apt	Suggests
gnupg	apt	Suggests
gnupg2	apt	Suggests
gnupg1	apt	Suggests
powermgmt-base	apt	Suggests
apt	apt-utils	Depends
libapt-pkg7.0	apt-utils	Depends
libc6	apt-utils	Depends
libdb5.3t64	apt-utils	Depends
libgcc-s1	apt-utils	Depends
libstdc++6	apt-utils	Depends
mawk	base-files	Pre-Depends
libc6	base-passwd	Depends
libdebconfclient0	base-passwd	Depends
libselinux1	base-passwd	Depends
debconf	base-passwd	Recommends
debconf	base-passwd	Recommends
base-files	bash	Depends
debianutils	bash	Depends
libc6	bash	Pre-Depends
libtinfo6	bash	Pre-Depends
bash-completion	bash	Recommends
bash-doc	bash	Suggests
libc6	bsdutils	Pre-Depends
libsystemd0	bsdutils	Pre-Depends
bsdextrautils	bsdutils	Recommends
libacl1	coreutils	Pre-Depends
libattr1	coreutils	Pre-Depends
libc6	coreutils	Pre-Depends
libcap2	coreutils	Pre-Depends
libgmp10	coreutils	Pre-Depends
libselinux1	coreutils	Pre-Depends
libssl3t64	coreutils	Pre-Depends
libsystemd0	coreutils	Pre-Depends
libc6	cpio	Depends
libarchive-dev	cpio	Suggests
libc6	cron	Depends
libpam0g	cron	Depends
libselinux1	cron	Depends
sensible-utils	cron	Depends
libpam-runtime	cron	Depends
init-system-helpers	cron	Pre-Depends
cron-daemon-common	cron	Pre-Depends
default-mta	cron	Recommends
mail-transport-agent	cron	Recommends
anacron	cron	Suggests
logrotate	cron	Suggests
checksecurity	cron	Suggests
supercat	cron	Suggests
bat	cron	Suggests
systemd	cron-daemon-common	Depends
systemd-standalone-sysusers	cron-daemon-common	Depends
systemd	cron-daemon-common	Depends
adduser	cron-daemon-common	Depends
debianutils	dash	Depends
libc6	dash	Pre-Depends
apt	debconf	Recommends
apt-utils	debconf	Recommends
debconf-i18n	debconf	Recommends
debconf-doc	debconf	Suggests
debconf-kde-helper	debconf	Suggests
debconf-utils	debconf	Suggests
libgtk3-perl	debconf	Suggests
libnet-ldap-perl	debconf	Suggests
libterm-readline-gnu-perl	debconf	Suggests
perl	debconf	Suggests
whiptail	debconf	Suggests
dialog	debconf	Suggests
debconf	debconf-i18n	Depends
liblocale-gettext-perl	debconf-i18n	Depends
libtext-charwidth-perl	debconf-i18n	Depends
libtext-iconv-perl	debconf-i18n	Depends
libtext-wrapi18n-perl	debconf-i18n	Depends
libc6	debianutils	Pre-Depends
adduser	dhcpcd-base	Depends
libc6	dhcpcd-base	Depends
libssl3t64	dhcpcd-base	Depends
libudev1	dhcpcd-base	Depends
openresolv	dhcpcd-base	Suggests
resolvconf	dhcpcd-base	Suggests
systemd-resolved	dhcpcd-base	Suggests
libc6	diffutils	Pre-Depends
diffutils-doc	diffutils	Suggests
wdiff	diffutils	Suggests
libc6	dmidecode	Depends
tar	dpkg	Depends
libbz2-1.0	dpkg	Pre-Depends
libc6	dpkg	Pre-Depends
liblzma5	dpkg	Pre-Depends
libmd0	dpkg	Pre-Depends
libselinux1	dpkg	Pre-Depends
libzstd1	dpkg	Pre-Depends
zlib1g	dpkg	Pre-Depends
apt	dpkg	Suggests
debsig-verify	dpkg	Suggests
logsave	e2fsprogs	Depends
libblkid1	e2fsprogs	Pre-Depends
libc6	e2fsprogs	Pre-Depends
libcom-err2	e2fsprogs	Pre-Depends
libext2fs2t64	e2fsprogs	Pre-Depends
libss2	e2fsprogs	Pre-Depends
libuuid1	e2fsprogs	Pre-Depends
e2fsprogs-l10n	e2fsprogs	Recommends
gpart	e2fsprogs	Suggests
parted	e2fsprogs	Suggests
fuse2fs	e2fsprogs	Suggests
e2fsck-static	e2fsprogs	Suggests
libarchive13t64	e2fsprogs	Suggests
libc6	fdisk	Depends
libfdisk1	fdisk	Depends
libmount1	fdisk	Depends
libncursesw6	fdisk	Depends
libreadline8t64	fdisk	Depends
libsmartcols1	fdisk	Depends
libtinfo6	fdisk	Depends
sensible-utils	fdisk	Recommends
libc6	findutils	Pre-Depends
libselinux1	findutils	Pre-Depends
libc6	grep	Pre-Depends
libpcre2-8-0	grep	Pre-Depends
libc6	gzip	Pre-Depends
less	gzip	Suggests
libc6	hostname	Pre-Depends
libc6	ifupdown	Depends
adduser	ifupdown	Depends
iproute2	ifupdown	Depends
dhcpcd-base	ifupdown	Recommends
dhcpcd-base	ifupdown	Recommends
ppp	ifupdown	Suggests
rdnssd	ifupdown	Suggests
systemd-sysv	init	Pre-Depends
sysvinit-core	init	Pre-Depends
debconf	iproute2	Depends
debconf	iproute2	Depends
libbpf1	iproute2	Depends
libc6	iproute2	Depends
libcap2	iproute2	Depends
libdb5.3t64	iproute2	Depends
libelf1t64	iproute2	Depends
libmnl0	iproute2	Depends
libselinux1	iproute2	Depends
libtirpc3t64	iproute2	Depends
libxtables12	iproute2	Depends
libcap2-bin	iproute2	Depends
python3:any	iproute2	Suggests
libc6	iputils-ping	Depends
libcap2	iputils-ping	Depends
libidn2-0	iputils-ping	Depends
linux-sysctl-defaults	iputils-ping	Recommends
libc6	kmod	Depends
libssl3t64	kmod	Depends
libkmod2	kmod	Depends
libc6	less	Depends
libtinfo6	less	Depends
libc6	libacl1	Depends
libc6	libapparmor1	Depends
libbz2-1.0	libapt-pkg7.0	Depends
libc6	libapt-pkg7.0	Depends
libgcc-s1	libapt-pkg7.0	Depends
liblz4-1	libapt-pkg7.0	Depends
liblzma5	libapt-pkg7.0	Depends
libssl3t64	libapt-pkg7.0	Depends
libstdc++6	libapt-pkg7.0	Depends
libsystemd0	libapt-pkg7.0	Depends
libudev1	libapt-pkg7.0	Depends
libxxhash0	libapt-pkg7.0	Depends
libzstd1	libapt-pkg7.0	Depends
zlib1g	libapt-pkg7.0	Depends
apt	libapt-pkg7.0	Recommends
libc6	libattr1	Depends
libaudit-common	libaudit1	Depends
libc6	libaudit1	Depends
libcap-ng0	libaudit1	Depends
libc6	libblkid1	Depends
libc6	libbpf1	Depends
libelf1t64	libbpf1	Depends
zlib1g	libbpf1	Depends
libc6	libbsd0	Depends
libmd0	libbsd0	Depends
libc6	libbz2-1.0	Depends
libc6	libc-bin	Depends
libc6	libc-bin	Depends
manpages	libc-bin	Recommends
libgcc-s1	libc6	Depends
libidn2-0	libc6	Recommends
glibc-doc	libc6	Suggests
debconf	libc6	Suggests
debconf	libc6	Suggests
libc-l10n	libc6	Suggests
locales	libc6	Suggests
libnss-nis	libc6	Suggests
libnss-nisplus	libc6	Suggests
libc6	libcap-ng0	Depends
libc6	libcap2	Depends
libc6	libcap2-bin	Depends
libcap2	libcap2-bin	Depends
libpam-cap	libcap2-bin	Recommends
libc6	libcom-err2	Depends
libc6	libcrypt1	Depends
libc6	libdb5.3t64	Depends
libc6	libdebconfclient0	Depends
libbsd0	libedit2	Depends
libc6	libedit2	Depends
libtinfo6	libedit2	Depends
libc6	libelf1t64	Depends
libzstd1	libelf1t64	Depends
zlib1g	libelf1t64	Depends
libc6	libext2fs2t64	Depends
libblkid1	libfdisk1	Depends
libc6	libfdisk1	Depends
libuuid1	libfdisk1	Depends
gcc-14-base	libgcc-s1	Depends
libc6	libgcc-s1	Depends
libc6	libgmp10	Depends
libkrb5-3	libgssapi-krb5-2	Depends
libc6	libgssapi-krb5-2	Depends
libcom-err2	libgssapi-krb5-2	Depends
libk5crypto3	libgssapi-krb5-2	Depends
libkrb5support0	libgssapi-krb5-2	Depends
krb5-doc	libgssapi-krb5-2	Suggests
krb5-user	libgssapi-krb5-2	Suggests
libc6	libhogweed6t64	Depends
libgmp10	libhogweed6t64	Depends
libnettle8t64	libhogweed6t64	Depends
libc6	libidn2-0	Depends
libunistring5	libidn2-0	Depends
libc6	libjansson4	Depends
libc6	libk5crypto3	Depends
libkrb5support0	libk5crypto3	Depends
krb5-doc	libk5crypto3	Suggests
krb5-user	libk5crypto3	Suggests
libc6	libkeyutils1	Depends
libc6	libkmod2	Depends
libssl3t64	libkmod2	Depends
libkrb5support0	libkrb5-3	Depends
libc6	libkrb5-3	Depends
libcom-err2	libkrb5-3	Depends
libk5crypto3	libkrb5-3	Depends
libkeyutils1	libkrb5-3	Depends
libssl3t64	libkrb5-3	Depends
krb5-locales	libkrb5-3	Recommends
krb5-doc	libkrb5-3	Suggests
krb5-user	libkrb5-3	Suggests
libc6	libkrb5support0	Depends
libc6	liblastlog2-2	Depends
libsqlite3-0	liblastlog2-2	Depends
libc6	liblocale-gettext-perl	Depends
perl-base	liblocale-gettext-perl	Pre-Depends
perl-base	liblocale-gettext-perl	Pre-Depends
libc6	liblz4-1	Depends
libxxhash0	liblz4-1	Depends
libc6	liblzma5	Depends
libc6	libmd0	Depends
libc6	libmnl0	Depends
libblkid1	libmount1	Depends
libc6	libmount1	Depends
libselinux1	libmount1	Depends
cryptsetup-bin	libmount1	Suggests
libtinfo6	libncursesw6	Depends
libc6	libncursesw6	Depends
libgpm2	libncursesw6	Recommends
libc6	libnettle8t64	Depends
libc6	libnewt0.52	Depends
libslang2	libnewt0.52	Depends
libfribidi0	libnewt0.52	Recommends
libc6	libnftables1	Depends
libgmp10	libnftables1	Depends
libjansson4	libnftables1	Depends
libmnl0	libnftables1	Depends
libnftnl11	libnftables1	Depends
libxtables12	libnftables1	Depends
libc6	libnftnl11	Depends
libmnl0	libnftnl11	Depends
libaudit1	libpam-modules	Pre-Depends
libc6	libpam-modules	Pre-Depends
libcrypt1	libpam-modules	Pre-Depends
libdb5.3t64	libpam-modules	Pre-Depends
libpam0g	libpam-modules	Pre-Depends
libselinux1	libpam-modules	Pre-Depends
libsystemd0	libpam-modules	Pre-Depends
debconf	libpam-modules	Pre-Depends
debconf	libpam-modules	Pre-Depends
libpam-modules-bin	libpam-modules	Pre-Depends
libaudit1	libpam-modules-bin	Depends
libc6	libpam-modules-bin	Depends
libcrypt1	libpam-modules-bin	Depends
libpam0g	libpam-modules-bin	Depends
libselinux1	libpam-modules-bin	Depends
libsystemd0	libpam-modules-bin	Depends
debconf	libpam-runtime	Depends
debconf	libpam-runtime	Depends
debconf	libpam-runtime	Depends
cdebconf	libpam-runtime	Depends
libpam-modules	libpam-runtime	Depends
libaudit1	libpam0g	Depends
libc6	libpam0g	Depends
debconf	libpam0g	Depends
debconf	libpam0g	Depends
libpam-doc	libpam0g	Suggests
libc6	libpcre2-8-0	Depends
libc6	libpopt0	Depends
libc6	libproc2-0	Depends
libsystemd0	libproc2-0	Depends
readline-common	libreadline8t64	Depends
libc6	libreadline8t64	Depends
libtinfo6	libreadline8t64	Depends
libc6	libseccomp2	Depends
libc6	libselinux1	Depends
libpcre2-8-0	libselinux1	Depends
libsemanage-common	libsemanage2	Depends
libaudit1	libsemanage2	Depends
libbz2-1.0	libsemanage2	Depends
libc6	libsemanage2	Depends
libselinux1	libsemanage2	Depends
libsepol2	libsemanage2	Depends
libc6	libsepol2	Depends
libc6	libslang2	Depends
libc6	libsmartcols1	Depends
libc6	libsqlite3-0	Depends
libcom-err2	libss2	Depends
libc6	libss2	Depends
libc6	libssl3t64	Depends
libzstd1	libssl3t64	Depends
zlib1g	libssl3t64	Depends
openssl-provider-legacy	libssl3t64	Depends
gcc-14-base	libstdc++6	Depends
libc6	libstdc++6	Depends
libgcc-s1	libstdc++6	Depends
libacl1	libsystemd-shared	Depends
libaudit1	libsystemd-shared	Depends
libblkid1	libsystemd-shared	Depends
libc6	libsystemd-shared	Depends
libcap2	libsystemd-shared	Depends
libcrypt1	libsystemd-shared	Depends
libmount1	libsystemd-shared	Depends
libpam0g	libsystemd-shared	Depends
libseccomp2	libsystemd-shared	Depends
libselinux1	libsystemd-shared	Depends
libssl3t64	libsystemd-shared	Depends
libkmod2	libsystemd-shared	Recommends
libzstd1	libsystemd-shared	Recommends
libarchive13t64	libsystemd-shared	Suggests
libbpf1	libsystemd-shared	Suggests
libcryptsetup12	libsystemd-shared	Suggests
libdw1t64	libsystemd-shared	Suggests
libelf1t64	libsystemd-shared	Suggests
libfido2-1	libsystemd-shared	Suggests
libgcrypt20	libsystemd-shared	Suggests
libidn2-0	libsystemd-shared	Suggests
libip4tc2	libsystemd-shared	Suggests
liblz4-1	libsystemd-shared	Suggests
liblzma5	libsystemd-shared	Suggests
libp11-kit0	libsystemd-shared	Suggests
libpcre2-8-0	libsystemd-shared	Suggests
libpwquality1	libsystemd-shared	Suggests
libqrencode4	libsystemd-shared	Suggests
libtss2-rc0t64	libsystemd-shared	Suggests
libc6	libsystemd0	Depends
libcap2	libsystemd0	Depends
libzstd1	libsystemd0	Recommends
libgcrypt20	libsystemd0	Suggests
liblz4-1	libsystemd0	Suggests
liblzma5	libsystemd0	Suggests
libc6	libtext-charwidth-perl	Depends
perl-base	libtext-charwidth-perl	Depends
perl-base	libtext-charwidth-perl	Depends
libc6	libtext-iconv-perl	Depends
perl-base	libtext-iconv-perl	Depends
perl-base	libtext-iconv-perl	Depends
libtext-charwidth-perl	libtext-wrapi18n-perl	Depends
libc6	libtinfo6	Depends
libc6	libtirpc3t64	Depends
libgssapi-krb5-2	libtirpc3t64	Depends
libtirpc-common	libtirpc3t64	Depends
libc6	libudev1	Depends
libcap2	libudev1	Depends
libidn2-0	libudev1	Suggests
libc6	libunistring5	Depends
libc6	libuuid1	Depends
uuid-runtime	libuuid1	Suggests
libc6	libxtables12	Depends
libc6	libxxhash0	Depends
libc6	libzstd1	Depends
libpam-modules	login	Depends
libpam-runtime	login	Depends
libaudit1	login	Depends
libc6	login	Depends
libcrypt1	login	Depends
libpam0g	login	Depends
login.defs	login	Pre-Depends
cron	logrotate	Depends
anacron	logrotate	Depends
cron	logrotate	Depends
systemd-sysv	logrotate	Depends
libacl1	logrotate	Depends
libc6	logrotate	Depends
libpopt0	logrotate	Depends
libselinux1	logrotate	Depends
bsd-mailx	logrotate	Suggests
mailx	logrotate	Suggests
libc6	logsave	Depends
libc6	mawk	Depends
libblkid1	mount	Pre-Depends
libc6	mount	Pre-Depends
libmount1	mount	Pre-Depends
libselinux1	mount	Pre-Depends
libsmartcols1	mount	Pre-Depends
nfs-common	mount	Suggests
libc6	nano	Depends
libncursesw6	nano	Depends
libtinfo6	nano	Depends
hunspell	nano	Suggests
libc6	ncurses-bin	Pre-Depends
libtinfo6	ncurses-bin	Pre-Depends
libnftables1	nftables	Depends
libc6	nftables	Depends
libedit2	nftables	Depends
netbase	nftables	Recommends
firewalld	nftables	Suggests
libc6	openssl-provider-legacy	Depends
libssl3t64	openssl-provider-legacy	Depends
base-passwd	passwd	Depends
libpam-modules	passwd	Depends
login.defs	passwd	Depends
libacl1	passwd	Depends
libattr1	passwd	Depends
libaudit1	passwd	Depends
libbsd0	passwd	Depends
libc6	passwd	Depends
libcrypt1	passwd	Depends
libpam0g	passwd	Depends
libselinux1	passwd	Depends
libsemanage2	passwd	Depends
sensible-utils	passwd	Recommends
libc6	perl-base	Pre-Depends
libcrypt1	perl-base	Pre-Depends
perl	perl-base	Suggests
sensible-utils	perl-base	Suggests
libc6	procps	Depends
libncursesw6	procps	Depends
libproc2-0	procps	Depends
libsystemd0	procps	Depends
libtinfo6	procps	Depends
init-system-helpers	procps	Depends
psmisc	procps	Recommends
linux-sysctl-defaults	procps	Recommends
readline-doc	readline-common	Suggests
libacl1	sed	Pre-Depends
libc6	sed	Pre-Depends
libselinux1	sed	Pre-Depends
libc6	sqv	Depends
libgcc-s1	sqv	Depends
libgmp10	sqv	Depends
libhogweed6t64	sqv	Depends
libnettle8t64	sqv	Depends
libacl1	systemd	Depends
libapparmor1	systemd	Depends
libc6	systemd	Depends
libmount1	systemd	Depends
libpam0g	systemd	Depends
libseccomp2	systemd	Depends
libselinux1	systemd	Depends
libssl3t64	systemd	Depends
libsystemd0	systemd	Depends
mount	systemd	Depends
libc6	systemd	Pre-Depends
libsystemd-shared	systemd	Pre-Depends
default-dbus-system-bus	systemd	Recommends
dbus-system-bus	systemd	Recommends
linux-sysctl-defaults	systemd	Recommends
systemd-timesyncd	systemd	Recommends
time-daemon	systemd	Recommends
systemd-cryptsetup	systemd	Recommends
systemd-container	systemd	Suggests
systemd-homed	systemd	Suggests
systemd-userdbd	systemd	Suggests
systemd-boot	systemd	Suggests
systemd-resolved	systemd	Suggests
systemd-repart	systemd	Suggests
libtss2-tcti-device0	systemd	Suggests
polkitd	systemd	Suggests
systemd	systemd-sysv	Depends
systemd	systemd-sysv	Pre-Depends
libpam-systemd	systemd-sysv	Recommends
libnss-systemd	systemd-sysv	Recommends
libc6	sysvinit-utils	Depends
libacl1	tar	Pre-Depends
libc6	tar	Pre-Depends
libselinux1	tar	Pre-Depends
bzip2	tar	Suggests
ncompress	tar	Suggests
xz-utils	tar	Suggests
tar-scripts	tar	Suggests
tar-doc	tar	Suggests
debconf	tzdata	Depends
debconf	tzdata	Depends
libblkid1	udev	Depends
libc6	udev	Depends
libsystemd-shared	udev	Depends
systemd	udev	Depends
systemd-standalone-sysusers	udev	Depends
systemd	udev	Depends
libkmod2	udev	Depends
libudev1	udev	Depends
libpam-modules	util-linux	Pre-Depends
libpam-runtime	util-linux	Pre-Depends
libblkid1	util-linux	Pre-Depends
libc6	util-linux	Pre-Depends
libcap-ng0	util-linux	Pre-Depends
libcrypt1	util-linux	Pre-Depends
liblastlog2-2	util-linux	Pre-Depends
libmount1	util-linux	Pre-Depends
libpam0g	util-linux	Pre-Depends
libselinux1	util-linux	Pre-Depends
libsmartcols1	util-linux	Pre-Depends
libsystemd0	util-linux	Pre-Depends
libtinfo6	util-linux	Pre-Depends
libudev1	util-linux	Pre-Depends
libuuid1	util-linux	Pre-Depends
sensible-utils	util-linux	Recommends
dosfstools	util-linux	Suggests
kbd	util-linux	Suggests
util-linux-extra	util-linux	Suggests
util-linux-locales	util-linux	Suggests
wtmpdb	util-linux	Suggests
xxd	vim-common	Recommends
vim	vim-common	Recommends
vim-gtk3	vim-common	Recommends
vim-motif	vim-common	Recommends
vim-nox	vim-common	Recommends
vim-tiny	vim-common	Recommends
vim-common	vim-tiny	Depends
libacl1	vim-tiny	Depends
libc6	vim-tiny	Depends
libselinux1	vim-tiny	Depends
libtinfo6	vim-tiny	Depends
indent	vim-tiny	Suggests
libc6	whiptail	Depends
libnewt0.52	whiptail	Depends
libpopt0	whiptail	Depends
libslang2	whiptail	Depends
libc6	zlib1g	Depends
