adduser	3.152	all	important	no	428
apt	3.0.3	amd64	required	no	4480
apt-utils	3.0.3	amd64	required	no	1086
base-files	13.8+deb13u6	amd64	required	yes	350
base-passwd	3.6.7	amd64	required	yes	272
bash	5.2.37-2+b9	amd64	required	yes	7196
bsdutils	1:2.41-5	amd64	required	yes	401
coreutils	9.7-3	amd64	required	yes	18457
cpio	2.15+dfsg-2	amd64	important	no	1197
cron	3.0pl1-197	amd64	important	no	249
cron-daemon-common	3.0pl1-197	all	important	no	56
dash	0.5.12-12	amd64	required	yes	207
debconf	1.5.91	all	required	no	497
debconf-i18n	1.5.91	all	important	no	842
debian-archive-keyring	2025.1	all	important	no	302
debianutils	5.23.2	amd64	required	yes	225
dhcpcd-base	1:10.1.0-11+deb13u3	amd64	important	no	495
diffutils	1:3.10-4	amd64	required	yes	1768
dmidecode	3.6-2	amd64	important	no	229
dpkg	1.22.22	amd64	required	yes	6587
e2fsprogs	1.47.2-3+b11	amd64	important	no	1537
fdisk	2.41-5	amd64	important	no	529
findutils	4.10.0-3	amd64	required	yes	2160
gcc-14-base	14.2.0-19	amd64	optional	no	112
grep	3.11-4	amd64	required	yes	1266
gzip	1.13-1	amd64	required	yes	256
hostname	3.25	amd64	required	yes	50
ifupdown	0.8.44+deb13u1	amd64	important	no	200
init	1.69~deb13u1	amd64	important	no	17
init-system-helpers	1.69~deb13u1	all	required	yes	133
iproute2	6.15.0-1	amd64	important	no	3774
iputils-ping	3:20240905-3	amd64	important	no	187
kmod	34.2-2	amd64	important	no	255
less	668-1	amd64	important	no	376
libacl1	2.3.2-2+b1	amd64	optional	no	74
libapparmor1	4.1.0-1	amd64	optional	no	115
libapt-pkg7.0	3.0.3	amd64	optional	no	3855
libattr1	1:2.5.2-3	amd64	optional	no	60
libaudit-common	1:4.0.2-2	all	optional	no	25
libaudit1	1:4.0.2-2+b2	amd64	optional	no	179
libblkid1	2.41-5	amd64	optional	no	449
libbpf1	1:1.5.0-3	amd64	optional	no	452
libbsd0	0.12.2-2	amd64	optional	no	214
libbz2-1.0	1.0.8-6	amd64	optional	no	96
libc-bin	2.41-12+deb13u3	amd64	required	yes	2122
libc6	2.41-12+deb13u3	amd64	optional	no	13226
libcap-ng0	0.8.5-4+b1	amd64	optional	no	66
libcap2	1:2.75-10+deb13u1+b1	amd64	optional	no	92
libcap2-bin	1:2.75-10+deb13u1+b1	amd64	important	no	132
libcom-err2	1.47.2-3+b11	amd64	optional	no	64
libcrypt1	1:4.4.38-1	amd64	optional	no	234
libdb5.3t64	5.3.28+dfsg2-9	amd64	optional	no	1854
libdebconfclient0	0.280	amd64	optional	no	38
libedit2	3.1-20250104-1	amd64	optional	no	262
libelf1t64	0.192-4	amd64	optional	no	1228
libext2fs2t64	1.47.2-3+b11	amd64	optional	no	557
libfdisk1	2.41-5	amd64	optional	no	584
libgcc-s1	14.2.0-19	amd64	optional	no	197
libgmp10	2:6.3.0+dfsg-3	amd64	optional	no	882
libgssapi-krb5-2	1.21.3-5+deb13u1	amd64	optional	no	434
libhogweed6t64	3.10.1-1	amd64	optional	no	483
libidn2-0	2.3.8-2	amd64	optional	no	446
libjansson4	2.14-2+b3	amd64	optional	no	100
libk5crypto3	1.21.3-5+deb13u1	amd64	optional	no	266
libkeyutils1	1.6.3-6	amd64	optional	no	41
libkmod2	34.2-2	amd64	optional	no	144
libkrb5-3	1.21.3-5+deb13u1	amd64	optional	no	1074
libkrb5support0	1.21.3-5+deb13u1	amd64	optional	no	137
liblastlog2-2	2.41-5	amd64	optional	no	75
liblocale-gettext-perl	1.07-7+b1	amd64	required	no	53
liblz4-1	1.10.0-4	amd64	optional	no	173
liblzma5	5.8.1-1+deb13u1	amd64	optional	no	435
libmd0	1.1.0-2+b1	amd64	optional	no	94
libmnl0	1.0.5-3	amd64	optional	no	45
libmount1	2.41-5	amd64	optional	no	565
libncursesw6	6.5+20250216-2	amd64	optional	no	419
libnettle8t64	3.10.1-1	amd64	optional	no	560
libnewt0.52	0.52.25-1	amd64	optional	no	365
libnftables1	1.1.3-1	amd64	optional	no	1054
libnftnl11	1.2.9-1	amd64	optional	no	244
libpam-modules	1.7.0-5	amd64	required	no	923
libpam-modules-bin	1.7.0-5	amd64	required	no	206
libpam-runtime	1.7.0-5	all	required	no	1028
libpam0g	1.7.0-5	amd64	optional	no	194
libpcre2-8-0	10.46-1~deb13u1	amd64	optional	no	774
libpopt0	1.19+dfsg-2	amd64	optional	no	245
libproc2-0	2:4.0.4-9	amd64	optional	no	237
libreadline8t64	8.2-6	amd64	optional	no	485
libseccomp2	2.6.0-2	amd64	optional	no	201
libselinux1	3.8.1-1	amd64	optional	no	229
libsemanage-common	3.8.1-1	all	optional	no	21
libsemanage2	3.8.1-1	amd64	optional	no	313
libsepol2	3.8.1-1	amd64	optional	no	835
libslang2	2.3.3-5+b2	amd64	optional	no	2395
libsmartcols1	2.41-5	amd64	optional	no	377
libsqlite3-0	3.46.1-7+deb13u1	amd64	optional	no	1834
libss2	1.47.2-3+b11	amd64	optional	no	80
libssl3t64	3.5.6-1~deb13u2	amd64	optional	no	8099
libstdc++6	14.2.0-19	amd64	optional	no	3019
libsystemd-shared	257.13-1~deb13u1	amd64	optional	no	6825
libsystemd0	257.13-1~deb13u1	amd64	optional	no	1223
libtext-charwidth-perl	0.04-11+b4	amd64	required	no	42
libtext-iconv-perl	1.7-8+b4	amd64	required	no	50
libtext-wrapi18n-perl	0.06-10	all	required	no	26
libtinfo6	6.5+20250216-2	amd64	optional	no	569
libtirpc-common	1.3.6+ds-1	all	optional	no	32
libtirpc3t64	1.3.6+ds-1	amd64	optional	no	236
libudev1	257.13-1~deb13u1	amd64	optional	no	357
libunistring5	1.3-2	amd64	optional	no	2092
libuuid1	2.41-5	amd64	optional	no	98
libxtables12	1.8.11-2	amd64	optional	no	101
libxxhash0	0.8.3-2	amd64	optional	no	92
libzstd1	1.5.7+dfsg-1	amd64	optional	no	847
linux-sysctl-defaults	4.12.1	all	important	no	19
login	1:4.16.0-2+really2.41-5	amd64	required	no	284
login.defs	1:4.17.4-2	all	required	no	214
logrotate	3.22.0-1	amd64	important	no	151
logsave	1.47.2-3+b11	amd64	optional	no	59
mawk	1.3.4.20250131-1	amd64	required	no	292
mount	2.41-5	amd64	required	no	496
nano	8.4-1+deb13u1	amd64	important	no	2839
ncurses-base	6.5+20250216-2	all	required	yes	389
ncurses-bin	6.5+20250216-2	amd64	required	yes	665
netbase	6.5	all	important	no	35
nftables	1.1.3-1	amd64	important	no	185
openssl-provider-legacy	3.5.6-1~deb13u2	amd64	optional	no	420
passwd	1:4.17.4-2	amd64	required	no	4758
perl-base	5.40.1-6	amd64	required	yes	7811
procps	2:4.0.4-9	amd64	important	no	2395
readline-common	8.2-6	all	optional	no	89
sed	4.9-2+deb13u1	amd64	required	yes	991
sensible-utils	0.0.25	all	required	no	63
sqv	1.3.0-3+b2	amd64	optional	no	1855
systemd	257.13-1~deb13u1	amd64	important	no	9944
systemd-sysv	257.13-1~deb13u1	amd64	important	no	97
sysvinit-utils	3.14-4	amd64	required	yes	104
tar	1.35+dfsg-3.1	amd64	required	yes	3085
tzdata	2026b-0+deb13u1	all	required	no	1361
udev	257.13-1~deb13u1	amd64	important	no	10236
util-linux	2.41-5	amd64	required	yes	4961
vim-common	2:9.1.1230-2	all	important	no	1864
vim-tiny	2:9.1.1230-2	amd64	important	no	1831
whiptail	0.52.25-1	amd64	optional	no	61
zlib1g	1:1.3.dfsg+really1.3.1-1+b1	amd64	optional	no	173
