package	version	arch	tier	tier_source	subsystem	fwd_dep_count	rdep_count	rdeps	size_kb	bin_files	lib_files	unit_files	doc_files	maintainer_hook_count	security_evidence_count	candidate
adduser	3.152	all	debian-essential	auto (Priority/Essential)	accounts-auth	1	4	apt,cron-daemon-common,dhcpcd-base,ifupdown	428	4	0	0	103	0	0	-
apt	3.0.3	amd64	debian-essential	auto (Priority/Essential)	package-management	11	1	apt-utils	4480	6	46	5	143	13	0	-
apt-utils	3.0.3	amd64	debian-essential	auto (Priority/Essential)	package-management	6	0	-	1086	3	6	0	50	0	0	-
base-files	13.8+deb13u6	amd64	core	manual (tiers/core.txt)	debian-substrate	1	1	bash	350	0	3	0	7	0	0	-
base-passwd	3.6.7	amd64	core	manual (tiers/core.txt)	debian-substrate	3	2	apt,passwd	272	1	0	0	29	0	0	-
bash	5.2.37-2+b9	amd64	debian-essential	auto (Priority/Essential)	shell-userspace	4	0	-	7196	4	0	0	23	2	0	-
bsdutils	1:2.41-5	amd64	debian-essential	auto (Priority/Essential)	shell-userspace	2	0	-	401	6	0	0	12	0	0	-
coreutils	9.7-3	amd64	core	manual (tiers/core.txt)	shell-userspace	8	0	-	18457	105	0	0	117	0	0	-
cpio	2.15+dfsg-2	amd64	debian-essential	auto (Priority/Essential)	shell-userspace	1	0	-	1197	2	0	0	10	2	0	-
cron	3.0pl1-197	amd64	utility	manual (tiers/utility.txt)	maintenance	7	2	logrotate,logrotate	249	2	3	3	21	12	1	-
cron-daemon-common	3.0pl1-197	all	utility	manual (tiers/utility.txt)	maintenance	4	1	cron	56	0	4	0	4	0	0	-
dash	0.5.12-12	amd64	core	manual (tiers/core.txt)	shell-userspace	2	0	-	207	2	0	0	9	0	0	-
debconf	1.5.91	all	debian-essential	auto (Priority/Essential)	package-management	0	12	debconf-i18n,iproute2,iproute2,libpam0g,libpam0g,libpam-modules,libpam-modules,libpam-runtime,libpam-runtime,libpam-runtime,tzdata,tzdata	497	9	0	0	15	0	0	-
debconf-i18n	1.5.91	all	debian-essential	auto (Priority/Essential)	package-management	5	0	-	842	0	0	0	83	0	0	-
debian-archive-keyring	2025.1	all	debian-essential	auto (Priority/Essential)	package-management	0	1	apt	302	0	0	0	5	0	0	-
debianutils	5.23.2	amd64	debian-essential	auto (Priority/Essential)	debian-substrate	1	2	bash,dash	225	9	0	0	87	2	0	-
dhcpcd-base	1:10.1.0-11+deb13u3	amd64	architectural	manual (tiers/architectural.txt)	networking	4	0	-	495	1	12	0	12	1	0	-
diffutils	1:3.10-4	amd64	debian-essential	auto (Priority/Essential)	shell-userspace	1	0	-	1768	4	0	0	10	0	0	-
dmidecode	3.6-2	amd64	utility	manual (tiers/utility.txt)	device-kernel	1	0	-	229	4	0	0	11	0	0	-
dpkg	1.22.22	amd64	core	manual (tiers/core.txt)	package-management	8	0	-	6587	11	9	3	112	8	0	-
e2fsprogs	1.47.2-3+b11	amd64	debian-essential	auto (Priority/Essential)	filesystem-storage	7	0	-	1537	26	11	8	40	12	0	-
fdisk	2.41-5	amd64	utility	manual (tiers/utility.txt)	filesystem-storage	7	0	-	529	3	0	0	9	0	0	-
findutils	4.10.0-3	amd64	core	manual (tiers/core.txt)	shell-userspace	2	0	-	2160	2	0	0	10	0	0	-
gcc-14-base	14.2.0-19	amd64	dependency	auto (unclassified)	executable-runtime	0	2	libgcc-s1,libstdc++6	112	0	0	0	0	0	0	-
grep	3.11-4	amd64	core	manual (tiers/core.txt)	shell-userspace	2	0	-	1266	4	0	0	15	0	0	-
gzip	1.13-1	amd64	debian-essential	auto (Priority/Essential)	shell-userspace	1	0	-	256	14	0	0	22	0	0	-
hostname	3.25	amd64	debian-essential	auto (Priority/Essential)	debian-substrate	1	0	-	50	5	0	0	9	0	0	-
ifupdown	0.8.44+deb13u1	amd64	architectural	manual (tiers/architectural.txt)	networking	3	0	-	200	3	14	7	22	18	0	-
init	1.69~deb13u1	amd64	debian-essential	auto (Priority/Essential)	init-service	2	0	-	17	0	0	0	3	0	0	-
init-system-helpers	1.69~deb13u1	all	core	manual (tiers/core.txt)	init-service	0	2	cron,procps	133	5	1	2	12	0	0	-
iproute2	6.15.0-1	amd64	architectural	manual (tiers/architectural.txt)	networking	12	1	ifupdown	3774	19	6	0	155	0	0	-
iputils-ping	3:20240905-3	amd64	utility	manual (tiers/utility.txt)	networking	3	0	-	187	3	0	0	9	0	0	-
kmod	34.2-2	amd64	architectural	manual (tiers/architectural.txt)	device-kernel	3	0	-	255	8	3	0	17	2	0	-
less	668-1	amd64	utility	manual (tiers/utility.txt)	admin-human-interface	2	0	-	376	5	3	0	12	3	0	-
libacl1	2.3.2-2+b1	amd64	dependency	auto (unclassified)	filesystem-storage	1	8	coreutils,libsystemd-shared,logrotate,passwd,sed,systemd,tar,vim-tiny	74	0	0	0	0	0	0	-
libapparmor1	4.1.0-1	amd64	dependency	auto (unclassified)	init-service	1	1	systemd	115	0	0	0	0	0	0	-
libapt-pkg7.0	3.0.3	amd64	dependency	auto (unclassified)	package-management	12	2	apt,apt-utils	3855	0	0	0	0	0	0	-
libattr1	1:2.5.2-3	amd64	dependency	auto (unclassified)	filesystem-storage	1	2	coreutils,passwd	60	0	0	0	0	0	0	-
libaudit-common	1:4.0.2-2	all	dependency	auto (unclassified)	accounts-auth	0	1	libaudit1	25	0	0	0	6	0	0	-
libaudit1	1:4.0.2-2+b2	amd64	dependency	auto (unclassified)	accounts-auth	3	7	libpam0g,libpam-modules-bin,libpam-modules,libsemanage2,libsystemd-shared,login,passwd	179	0	0	0	0	0	0	-
libblkid1	2.41-5	amd64	dependency	auto (unclassified)	filesystem-storage	1	7	e2fsprogs,libfdisk1,libmount1,libsystemd-shared,mount,udev,util-linux	449	0	0	0	0	0	0	-
libbpf1	1:1.5.0-3	amd64	dependency	auto (unclassified)	networking	3	1	iproute2	452	0	0	0	0	0	0	-
libbsd0	0.12.2-2	amd64	dependency	auto (unclassified)	accounts-auth	2	2	libedit2,passwd	214	0	0	0	0	0	0	-
libbz2-1.0	1.0.8-6	amd64	dependency	auto (unclassified)	support-libraries	1	3	dpkg,libapt-pkg7.0,libsemanage2	96	0	0	0	0	0	0	-
libc-bin	2.41-12+deb13u3	amd64	core	manual (tiers/core.txt)	executable-runtime	2	0	-	2122	13	15	0	7	0	0	-
libc6	2.41-12+deb13u3	amd64	core	manual (tiers/core.txt)	executable-runtime	1	122	apt,apt-utils,base-passwd,bash,bsdutils,coreutils,cpio,cron,dash,debianutils,dhcpcd-base,diffutils,dmidecode,dpkg,e2fsprogs,fdisk,findutils,grep,gzip,hostname,ifupdown,iproute2,iputils-ping,kmod,less,libacl1,libapparmor1,libapt-pkg7.0,libattr1,libaudit1,libblkid1,libbpf1,libbsd0,libbz2-1.0,libcap2-bin,libcap2,libcap-ng0,libc-bin,libc-bin,libcom-err2,libcrypt1,libdb5.3t64,libdebconfclient0,libedit2,libelf1t64,libext2fs2t64,libfdisk1,libgcc-s1,libgmp10,libgssapi-krb5-2,libhogweed6t64,libidn2-0,libjansson4,libk5crypto3,libkeyutils1,libkmod2,libkrb5-3,libkrb5support0,liblastlog2-2,liblocale-gettext-perl,liblz4-1,liblzma5,libmd0,libmnl0,libmount1,libncursesw6,libnettle8t64,libnewt0.52,libnftables1,libnftnl11,libpam0g,libpam-modules-bin,libpam-modules,libpcre2-8-0,libpopt0,libproc2-0,libreadline8t64,libseccomp2,libselinux1,libsemanage2,libsepol2,libslang2,libsmartcols1,libsqlite3-0,libss2,libssl3t64,libstdc++6,libsystemd0,libsystemd-shared,libtext-charwidth-perl,libtext-iconv-perl,libtinfo6,libtirpc3t64,libudev1,libunistring5,libuuid1,libxtables12,libxxhash0,libzstd1,login,logrotate,logsave,mawk,mount,nano,ncurses-bin,nftables,openssl-provider-legacy,passwd,perl-base,procps,sed,sqv,systemd,systemd,sysvinit-utils,tar,udev,util-linux,vim-tiny,whiptail,zlib1g	13226	0	0	0	0	0	0	-
libcap-ng0	0.8.5-4+b1	amd64	dependency	auto (unclassified)	accounts-auth	1	2	libaudit1,util-linux	66	0	0	0	0	0	0	-
libcap2	1:2.75-10+deb13u1+b1	amd64	dependency	auto (unclassified)	accounts-auth	1	7	coreutils,iproute2,iputils-ping,libcap2-bin,libsystemd0,libsystemd-shared,libudev1	92	0	0	0	0	0	0	-
libcap2-bin	1:2.75-10+deb13u1+b1	amd64	debian-essential	auto (Priority/Essential)	accounts-auth	2	1	iproute2	132	4	0	0	12	0	0	-
libcom-err2	1.47.2-3+b11	amd64	dependency	auto (unclassified)	filesystem-storage	1	4	e2fsprogs,libgssapi-krb5-2,libkrb5-3,libss2	64	0	0	0	0	0	0	-
libcrypt1	1:4.4.38-1	amd64	dependency	auto (unclassified)	executable-runtime	1	7	libpam-modules-bin,libpam-modules,libsystemd-shared,login,passwd,perl-base,util-linux	234	0	0	0	0	0	0	-
libdb5.3t64	5.3.28+dfsg2-9	amd64	dependency	auto (unclassified)	support-libraries	1	3	apt-utils,iproute2,libpam-modules	1854	0	0	0	0	0	0	-
libdebconfclient0	0.280	amd64	dependency	auto (unclassified)	package-management	1	1	base-passwd	38	0	0	0	0	0	0	-
libedit2	3.1-20250104-1	amd64	dependency	auto (unclassified)	admin-human-interface	3	1	nftables	262	0	0	0	0	0	0	-
libelf1t64	0.192-4	amd64	dependency	auto (unclassified)	networking	3	2	iproute2,libbpf1	1228	0	0	0	0	0	0	-
libext2fs2t64	1.47.2-3+b11	amd64	dependency	auto (unclassified)	filesystem-storage	1	1	e2fsprogs	557	0	0	0	0	0	0	-
libfdisk1	2.41-5	amd64	dependency	auto (unclassified)	filesystem-storage	3	1	fdisk	584	0	0	0	0	0	0	-
libgcc-s1	14.2.0-19	amd64	dependency	auto (unclassified)	executable-runtime	2	6	apt,apt-utils,libapt-pkg7.0,libc6,libstdc++6,sqv	197	0	0	0	0	0	0	-
libgmp10	2:6.3.0+dfsg-3	amd64	dependency	auto (unclassified)	support-libraries	1	4	coreutils,libhogweed6t64,libnftables1,sqv	882	0	0	0	0	0	0	-
libgssapi-krb5-2	1.21.3-5+deb13u1	amd64	dependency	auto (unclassified)	networking	5	1	libtirpc3t64	434	0	0	0	0	0	0	-
libhogweed6t64	3.10.1-1	amd64	dependency	auto (unclassified)	support-libraries	3	1	sqv	483	0	0	0	0	0	0	-
libidn2-0	2.3.8-2	amd64	dependency	auto (unclassified)	networking	2	1	iputils-ping	446	0	0	0	0	0	0	-
libjansson4	2.14-2+b3	amd64	dependency	auto (unclassified)	networking	1	1	libnftables1	100	0	0	0	0	0	0	-
libk5crypto3	1.21.3-5+deb13u1	amd64	dependency	auto (unclassified)	networking	2	2	libgssapi-krb5-2,libkrb5-3	266	0	0	0	0	0	0	-
libkeyutils1	1.6.3-6	amd64	dependency	auto (unclassified)	networking	1	1	libkrb5-3	41	0	0	0	0	0	0	-
libkmod2	34.2-2	amd64	dependency	auto (unclassified)	device-kernel	2	2	kmod,udev	144	0	0	0	0	0	0	-
libkrb5-3	1.21.3-5+deb13u1	amd64	dependency	auto (unclassified)	networking	6	1	libgssapi-krb5-2	1074	0	0	0	0	0	0	-
libkrb5support0	1.21.3-5+deb13u1	amd64	dependency	auto (unclassified)	networking	1	3	libgssapi-krb5-2,libk5crypto3,libkrb5-3	137	0	0	0	0	0	0	-
liblastlog2-2	2.41-5	amd64	dependency	auto (unclassified)	accounts-auth	2	1	util-linux	75	0	0	0	0	0	0	-
liblocale-gettext-perl	1.07-7+b1	amd64	debian-essential	auto (Priority/Essential)	perl-runtime	3	1	debconf-i18n	53	0	9	0	8	0	0	-
liblz4-1	1.10.0-4	amd64	dependency	auto (unclassified)	support-libraries	2	1	libapt-pkg7.0	173	0	0	0	0	0	0	-
liblzma5	5.8.1-1+deb13u1	amd64	dependency	auto (unclassified)	support-libraries	1	2	dpkg,libapt-pkg7.0	435	0	0	0	0	0	0	-
libmd0	1.1.0-2+b1	amd64	dependency	auto (unclassified)	support-libraries	1	2	dpkg,libbsd0	94	0	0	0	0	0	0	-
libmnl0	1.0.5-3	amd64	dependency	auto (unclassified)	networking	1	3	iproute2,libnftables1,libnftnl11	45	0	0	0	0	0	0	-
libmount1	2.41-5	amd64	dependency	auto (unclassified)	filesystem-storage	3	5	fdisk,libsystemd-shared,mount,systemd,util-linux	565	0	0	0	0	0	0	-
libncursesw6	6.5+20250216-2	amd64	dependency	auto (unclassified)	admin-human-interface	2	3	fdisk,nano,procps	419	0	0	0	0	0	0	-
libnettle8t64	3.10.1-1	amd64	dependency	auto (unclassified)	support-libraries	1	2	libhogweed6t64,sqv	560	0	0	0	0	0	0	-
libnewt0.52	0.52.25-1	amd64	dependency	auto (unclassified)	admin-human-interface	2	1	whiptail	365	0	0	0	0	0	0	-
libnftables1	1.1.3-1	amd64	dependency	auto (unclassified)	networking	6	1	nftables	1054	0	0	0	0	0	0	-
libnftnl11	1.2.9-1	amd64	dependency	auto (unclassified)	networking	2	1	libnftables1	244	0	0	0	0	0	0	-
libpam-modules	1.7.0-5	amd64	architectural	manual (tiers/architectural.txt)	accounts-auth	10	4	libpam-runtime,login,passwd,util-linux	923	0	0	0	0	0	0	-
libpam-modules-bin	1.7.0-5	amd64	architectural	manual (tiers/architectural.txt)	accounts-auth	6	1	libpam-modules	206	7	3	2	4	2	1	-
libpam-runtime	1.7.0-5	all	architectural	manual (tiers/architectural.txt)	accounts-auth	5	3	cron,login,util-linux	1028	2	1	0	74	0	0	-
libpam0g	1.7.0-5	amd64	architectural	manual (tiers/architectural.txt)	accounts-auth	4	8	cron,libpam-modules-bin,libpam-modules,libsystemd-shared,login,passwd,systemd,util-linux	194	0	0	0	0	0	0	-
libpcre2-8-0	10.46-1~deb13u1	amd64	dependency	auto (unclassified)	shell-userspace	1	2	grep,libselinux1	774	0	0	0	0	0	0	-
libpopt0	1.19+dfsg-2	amd64	dependency	auto (unclassified)	admin-human-interface	1	2	logrotate,whiptail	245	0	0	0	0	0	0	-
libproc2-0	2:4.0.4-9	amd64	dependency	auto (unclassified)	device-kernel	2	1	procps	237	0	0	0	0	0	0	-
libreadline8t64	8.2-6	amd64	dependency	auto (unclassified)	admin-human-interface	3	1	fdisk	485	0	0	0	0	0	0	-
libseccomp2	2.6.0-2	amd64	dependency	auto (unclassified)	init-service	1	3	apt,libsystemd-shared,systemd	201	0	0	0	0	0	0	-
libselinux1	3.8.1-1	amd64	dependency	auto (unclassified)	accounts-auth	2	19	base-passwd,coreutils,cron,dpkg,findutils,iproute2,libmount1,libpam-modules-bin,libpam-modules,libsemanage2,libsystemd-shared,logrotate,mount,passwd,sed,systemd,tar,util-linux,vim-tiny	229	0	0	0	0	0	0	-
libsemanage-common	3.8.1-1	all	dependency	auto (unclassified)	accounts-auth	0	1	libsemanage2	21	0	0	0	5	0	0	-
libsemanage2	3.8.1-1	amd64	dependency	auto (unclassified)	accounts-auth	6	1	passwd	313	0	0	0	0	0	0	-
libsepol2	3.8.1-1	amd64	dependency	auto (unclassified)	accounts-auth	1	1	libsemanage2	835	0	0	0	0	0	0	-
libslang2	2.3.3-5+b2	amd64	dependency	auto (unclassified)	admin-human-interface	1	2	libnewt0.52,whiptail	2395	0	0	0	0	0	0	-
libsmartcols1	2.41-5	amd64	dependency	auto (unclassified)	filesystem-storage	1	3	fdisk,mount,util-linux	377	0	0	0	0	0	0	-
libsqlite3-0	3.46.1-7+deb13u1	amd64	dependency	auto (unclassified)	accounts-auth	1	1	liblastlog2-2	1834	0	0	0	0	0	0	-
libss2	1.47.2-3+b11	amd64	dependency	auto (unclassified)	filesystem-storage	2	1	e2fsprogs	80	0	0	0	0	0	0	-
libssl3t64	3.5.6-1~deb13u2	amd64	dependency	auto (unclassified)	support-libraries	4	10	apt,coreutils,dhcpcd-base,kmod,libapt-pkg7.0,libkmod2,libkrb5-3,libsystemd-shared,openssl-provider-legacy,systemd	8099	0	0	0	0	0	0	-
libstdc++6	14.2.0-19	amd64	dependency	auto (unclassified)	executable-runtime	3	3	apt,apt-utils,libapt-pkg7.0	3019	0	0	0	0	0	0	-
libsystemd-shared	257.13-1~deb13u1	amd64	dependency	auto (unclassified)	init-service	11	2	systemd,udev	6825	0	0	0	0	0	0	-
libsystemd0	257.13-1~deb13u1	amd64	dependency	auto (unclassified)	init-service	2	10	apt,bsdutils,coreutils,libapt-pkg7.0,libpam-modules-bin,libpam-modules,libproc2-0,procps,systemd,util-linux	1223	0	0	0	0	0	0	-
libtext-charwidth-perl	0.04-11+b4	amd64	debian-essential	auto (Priority/Essential)	perl-runtime	3	2	debconf-i18n,libtext-wrapi18n-perl	42	0	0	0	0	0	0	-
libtext-iconv-perl	1.7-8+b4	amd64	debian-essential	auto (Priority/Essential)	perl-runtime	3	1	debconf-i18n	50	0	0	0	0	0	0	-
libtext-wrapi18n-perl	0.06-10	all	debian-essential	auto (Priority/Essential)	perl-runtime	1	1	debconf-i18n	26	0	0	0	7	0	0	-
libtinfo6	6.5+20250216-2	amd64	dependency	auto (unclassified)	admin-human-interface	1	11	bash,fdisk,less,libedit2,libncursesw6,libreadline8t64,nano,ncurses-bin,procps,util-linux,vim-tiny	569	0	0	0	0	0	0	-
libtirpc-common	1.3.6+ds-1	all	dependency	auto (unclassified)	networking	0	1	libtirpc3t64	32	0	0	0	7	0	0	-
libtirpc3t64	1.3.6+ds-1	amd64	dependency	auto (unclassified)	networking	3	1	iproute2	236	0	0	0	0	0	0	-
libudev1	257.13-1~deb13u1	amd64	dependency	auto (unclassified)	device-kernel	2	4	dhcpcd-base,libapt-pkg7.0,udev,util-linux	357	0	0	0	0	0	0	-
libunistring5	1.3-2	amd64	dependency	auto (unclassified)	networking	1	1	libidn2-0	2092	0	0	0	0	0	0	-
libuuid1	2.41-5	amd64	dependency	auto (unclassified)	filesystem-storage	1	3	e2fsprogs,libfdisk1,util-linux	98	0	0	0	0	0	0	-
libxtables12	1.8.11-2	amd64	dependency	auto (unclassified)	networking	1	2	iproute2,libnftables1	101	0	0	0	0	0	0	-
libxxhash0	0.8.3-2	amd64	dependency	auto (unclassified)	support-libraries	1	2	libapt-pkg7.0,liblz4-1	92	0	0	0	0	0	0	-
libzstd1	1.5.7+dfsg-1	amd64	dependency	auto (unclassified)	support-libraries	1	4	dpkg,libapt-pkg7.0,libelf1t64,libssl3t64	847	0	0	0	0	0	0	-
linux-sysctl-defaults	4.12.1	all	debian-essential	auto (Priority/Essential)	device-kernel	0	0	-	19	0	2	0	3	0	0	-
login	1:4.16.0-2+really2.41-5	amd64	debian-essential	auto (Priority/Essential)	accounts-auth	7	0	-	284	4	0	0	42	0	1	-
login.defs	1:4.17.4-2	all	debian-essential	auto (Priority/Essential)	accounts-auth	0	2	login,passwd	214	0	0	0	28	0	0	-
logrotate	3.22.0-1	amd64	utility	manual (tiers/utility.txt)	maintenance	8	0	-	151	1	5	3	8	8	0	-
logsave	1.47.2-3+b11	amd64	dependency	auto (unclassified)	filesystem-storage	1	1	e2fsprogs	59	1	0	0	6	0	0	-
mawk	1.3.4.20250131-1	amd64	debian-essential	auto (Priority/Essential)	shell-userspace	1	1	base-files	292	1	0	0	22	2	0	-
mount	2.41-5	amd64	architectural	manual (tiers/architectural.txt)	filesystem-storage	5	1	systemd	496	5	0	0	18	0	2	-
nano	8.4-1+deb13u1	amd64	utility	manual (tiers/utility.txt)	admin-human-interface	3	0	-	2839	2	0	0	19	4	0	-
ncurses-base	6.5+20250216-2	all	debian-essential	auto (Priority/Essential)	admin-human-interface	0	0	-	389	0	0	0	6	0	0	-
ncurses-bin	6.5+20250216-2	amd64	debian-essential	auto (Priority/Essential)	admin-human-interface	2	0	-	665	10	0	0	22	0	0	-
netbase	6.5	all	debian-essential	auto (Priority/Essential)	networking	0	0	-	35	0	0	0	3	0	0	-
nftables	1.1.3-1	amd64	architectural	manual (tiers/architectural.txt)	networking	3	0	-	185	1	3	2	34	9	0	-
openssl-provider-legacy	3.5.6-1~deb13u2	amd64	dependency	auto (unclassified)	support-libraries	2	1	libssl3t64	420	0	3	0	4	0	0	-
passwd	1:4.17.4-2	amd64	debian-essential	auto (Priority/Essential)	accounts-auth	12	1	adduser	4758	24	2	0	370	1	6	-
perl-base	5.40.1-6	amd64	debian-essential	auto (Priority/Essential)	perl-runtime	2	6	liblocale-gettext-perl,liblocale-gettext-perl,libtext-charwidth-perl,libtext-charwidth-perl,libtext-iconv-perl,libtext-iconv-perl	7811	2	722	0	10	0	0	-
procps	2:4.0.4-9	amd64	architectural	manual (tiers/architectural.txt)	device-kernel	6	0	-	2395	18	0	1	176	2	0	-
readline-common	8.2-6	all	dependency	auto (unclassified)	admin-human-interface	0	1	libreadline8t64	89	0	0	0	8	0	0	-
sed	4.9-2+deb13u1	amd64	core	manual (tiers/core.txt)	shell-userspace	3	0	-	991	1	0	0	14	0	0	-
sensible-utils	0.0.25	all	debian-essential	auto (Priority/Essential)	admin-human-interface	0	1	cron	63	5	3	0	31	0	0	-
sqv	1.3.0-3+b2	amd64	dependency	auto (unclassified)	package-management	5	1	apt	1855	1	0	0	7	0	0	-
systemd	257.13-1~deb13u1	amd64	architectural	manual (tiers/architectural.txt)	init-service	12	6	cron-daemon-common,cron-daemon-common,systemd-sysv,systemd-sysv,udev,udev	9944	38	482	450	274	16	0	-
systemd-sysv	257.13-1~deb13u1	amd64	architectural	manual (tiers/architectural.txt)	init-service	2	2	init,logrotate	97	7	0	0	13	1	0	-
sysvinit-utils	3.14-4	amd64	debian-essential	auto (Priority/Essential)	init-service	1	0	-	104	3	7	0	9	0	0	-
tar	1.35+dfsg-3.1	amd64	debian-essential	auto (Priority/Essential)	shell-userspace	3	1	dpkg	3085	3	3	0	14	2	0	-
tzdata	2026b-0+deb13u1	all	debian-essential	auto (Priority/Essential)	debian-substrate	2	0	-	1361	0	0	0	6	0	0	-
udev	257.13-1~deb13u1	amd64	architectural	manual (tiers/architectural.txt)	device-kernel	8	0	-	10236	2	109	57	19	3	0	-
util-linux	2.41-5	amd64	architectural	manual (tiers/architectural.txt)	filesystem-storage	15	0	-	4961	67	7	3	135	12	1	-
vim-common	2:9.1.1230-2	all	utility	manual (tiers/utility.txt)	admin-human-interface	0	1	vim-tiny	1864	1	5	0	59	0	0	-
vim-tiny	2:9.1.1230-2	amd64	utility	manual (tiers/utility.txt)	admin-human-interface	5	0	-	1831	1	0	0	7	10	0	-
whiptail	0.52.25-1	amd64	utility	manual (tiers/utility.txt)	admin-human-interface	4	0	-	61	1	0	0	8	0	0	-
zlib1g	1:1.3.dfsg+really1.3.1-1+b1	amd64	dependency	auto (unclassified)	support-libraries	1	5	dpkg,libapt-pkg7.0,libbpf1,libelf1t64,libssl3t64	173	0	0	0	0	0	0	-
