adduser	4	apt,cron-daemon-common,dhcpcd-base,ifupdown
anacron	1	logrotate
apt	1	apt-utils
base-files	1	bash
base-passwd	2	apt,passwd
cdebconf	1	libpam-runtime
cron	2	logrotate,logrotate
cron-daemon-common	1	cron
debconf	12	debconf-i18n,iproute2,iproute2,libpam0g,libpam0g,libpam-modules,libpam-modules,libpam-runtime,libpam-runtime,libpam-runtime,tzdata,tzdata
debian-archive-keyring	1	apt
debianutils	2	bash,dash
gcc-14-base	2	libgcc-s1,libstdc++6
init-system-helpers	2	cron,procps
iproute2	1	ifupdown
libacl1	8	coreutils,libsystemd-shared,logrotate,passwd,sed,systemd,tar,vim-tiny
libapparmor1	1	systemd
libapt-pkg7.0	2	apt,apt-utils
libattr1	2	coreutils,passwd
libaudit1	7	libpam0g,libpam-modules-bin,libpam-modules,libsemanage2,libsystemd-shared,login,passwd
libaudit-common	1	libaudit1
libblkid1	7	e2fsprogs,libfdisk1,libmount1,libsystemd-shared,mount,udev,util-linux
libbpf1	1	iproute2
libbsd0	2	libedit2,passwd
libbz2-1.0	3	dpkg,libapt-pkg7.0,libsemanage2
libc6	122	apt,apt-utils,base-passwd,bash,bsdutils,coreutils,cpio,cron,dash,debianutils,dhcpcd-base,diffutils,dmidecode,dpkg,e2fsprogs,fdisk,findutils,grep,gzip,hostname,ifupdown,iproute2,iputils-ping,kmod,less,libacl1,libapparmor1,libapt-pkg7.0,libattr1,libaudit1,libblkid1,libbpf1,libbsd0,libbz2-1.0,libcap2-bin,libcap2,libcap-ng0,libc-bin,libc-bin,libcom-err2,libcrypt1,libdb5.3t64,libdebconfclient0,libedit2,libelf1t64,libext2fs2t64,libfdisk1,libgcc-s1,libgmp10,libgssapi-krb5-2,libhogweed6t64,libidn2-0,libjansson4,libk5crypto3,libkeyutils1,libkmod2,libkrb5-3,libkrb5support0,liblastlog2-2,liblocale-gettext-perl,liblz4-1,liblzma5,libmd0,libmnl0,libmount1,libncursesw6,libnettle8t64,libnewt0.52,libnftables1,libnftnl11,libpam0g,libpam-modules-bin,libpam-modules,libpcre2-8-0,libpopt0,libproc2-0,libreadline8t64,libseccomp2,libselinux1,libsemanage2,libsepol2,libslang2,libsmartcols1,libsqlite3-0,libss2,libssl3t64,libstdc++6,libsystemd0,libsystemd-shared,libtext-charwidth-perl,libtext-iconv-perl,libtinfo6,libtirpc3t64,libudev1,libunistring5,libuuid1,libxtables12,libxxhash0,libzstd1,login,logrotate,logsave,mawk,mount,nano,ncurses-bin,nftables,openssl-provider-legacy,passwd,perl-base,procps,sed,sqv,systemd,systemd,sysvinit-utils,tar,udev,util-linux,vim-tiny,whiptail,zlib1g
libcap2	7	coreutils,iproute2,iputils-ping,libcap2-bin,libsystemd0,libsystemd-shared,libudev1
libcap2-bin	1	iproute2
libcap-ng0	2	libaudit1,util-linux
libcom-err2	4	e2fsprogs,libgssapi-krb5-2,libkrb5-3,libss2
libcrypt1	7	libpam-modules-bin,libpam-modules,libsystemd-shared,login,passwd,perl-base,util-linux
libdb5.3t64	3	apt-utils,iproute2,libpam-modules
libdebconfclient0	1	base-passwd
libedit2	1	nftables
libelf1t64	2	iproute2,libbpf1
libext2fs2t64	1	e2fsprogs
libfdisk1	1	fdisk
libgcc-s1	6	apt,apt-utils,libapt-pkg7.0,libc6,libstdc++6,sqv
libgmp10	4	coreutils,libhogweed6t64,libnftables1,sqv
libgssapi-krb5-2	1	libtirpc3t64
libhogweed6t64	1	sqv
libidn2-0	1	iputils-ping
libjansson4	1	libnftables1
libk5crypto3	2	libgssapi-krb5-2,libkrb5-3
libkeyutils1	1	libkrb5-3
libkmod2	2	kmod,udev
libkrb5-3	1	libgssapi-krb5-2
libkrb5support0	3	libgssapi-krb5-2,libk5crypto3,libkrb5-3
liblastlog2-2	1	util-linux
liblocale-gettext-perl	1	debconf-i18n
liblz4-1	1	libapt-pkg7.0
liblzma5	2	dpkg,libapt-pkg7.0
libmd0	2	dpkg,libbsd0
libmnl0	3	iproute2,libnftables1,libnftnl11
libmount1	5	fdisk,libsystemd-shared,mount,systemd,util-linux
libncursesw6	3	fdisk,nano,procps
libnettle8t64	2	libhogweed6t64,sqv
libnewt0.52	1	whiptail
libnftables1	1	nftables
libnftnl11	1	libnftables1
libpam0g	8	cron,libpam-modules-bin,libpam-modules,libsystemd-shared,login,passwd,systemd,util-linux
libpam-modules	4	libpam-runtime,login,passwd,util-linux
libpam-modules-bin	1	libpam-modules
libpam-runtime	3	cron,login,util-linux
libpcre2-8-0	2	grep,libselinux1
libpopt0	2	logrotate,whiptail
libproc2-0	1	procps
libreadline8t64	1	fdisk
libseccomp2	3	apt,libsystemd-shared,systemd
libselinux1	19	base-passwd,coreutils,cron,dpkg,findutils,iproute2,libmount1,libpam-modules-bin,libpam-modules,libsemanage2,libsystemd-shared,logrotate,mount,passwd,sed,systemd,tar,util-linux,vim-tiny
libsemanage2	1	passwd
libsemanage-common	1	libsemanage2
libsepol2	1	libsemanage2
libslang2	2	libnewt0.52,whiptail
libsmartcols1	3	fdisk,mount,util-linux
libsqlite3-0	1	liblastlog2-2
libss2	1	e2fsprogs
libssl3t64	10	apt,coreutils,dhcpcd-base,kmod,libapt-pkg7.0,libkmod2,libkrb5-3,libsystemd-shared,openssl-provider-legacy,systemd
libstdc++6	3	apt,apt-utils,libapt-pkg7.0
libsystemd0	10	apt,bsdutils,coreutils,libapt-pkg7.0,libpam-modules-bin,libpam-modules,libproc2-0,procps,systemd,util-linux
libsystemd-shared	2	systemd,udev
libtext-charwidth-perl	2	debconf-i18n,libtext-wrapi18n-perl
libtext-iconv-perl	1	debconf-i18n
libtext-wrapi18n-perl	1	debconf-i18n
libtinfo6	11	bash,fdisk,less,libedit2,libncursesw6,libreadline8t64,nano,ncurses-bin,procps,util-linux,vim-tiny
libtirpc3t64	1	iproute2
libtirpc-common	1	libtirpc3t64
libudev1	4	dhcpcd-base,libapt-pkg7.0,udev,util-linux
libunistring5	1	libidn2-0
libuuid1	3	e2fsprogs,libfdisk1,util-linux
libxtables12	2	iproute2,libnftables1
libxxhash0	2	libapt-pkg7.0,liblz4-1
libzstd1	4	dpkg,libapt-pkg7.0,libelf1t64,libssl3t64
login.defs	2	login,passwd
logsave	1	e2fsprogs
mawk	1	base-files
mount	1	systemd
openssl-provider-legacy	1	libssl3t64
passwd	1	adduser
perl-base	6	liblocale-gettext-perl,liblocale-gettext-perl,libtext-charwidth-perl,libtext-charwidth-perl,libtext-iconv-perl,libtext-iconv-perl
readline-common	1	libreadline8t64
sensible-utils	1	cron
sqv	1	apt
systemd	6	cron-daemon-common,cron-daemon-common,systemd-sysv,systemd-sysv,udev,udev
systemd-standalone-sysusers	2	cron-daemon-common,udev
systemd-sysv	2	init,logrotate
sysvinit-core	1	init
tar	1	dpkg
vim-common	1	vim-tiny
zlib1g	5	dpkg,libapt-pkg7.0,libbpf1,libelf1t64,libssl3t64
