base-files	core	manual (tiers/core.txt)
base-passwd	core	manual (tiers/core.txt)
coreutils	core	manual (tiers/core.txt)
dash	core	manual (tiers/core.txt)
dpkg	core	manual (tiers/core.txt)
findutils	core	manual (tiers/core.txt)
grep	core	manual (tiers/core.txt)
init-system-helpers	core	manual (tiers/core.txt)
libc6	core	manual (tiers/core.txt)
libc-bin	core	manual (tiers/core.txt)
sed	core	manual (tiers/core.txt)
dhcpcd-base	architectural	manual (tiers/architectural.txt)
ifupdown	architectural	manual (tiers/architectural.txt)
iproute2	architectural	manual (tiers/architectural.txt)
kmod	architectural	manual (tiers/architectural.txt)
libpam0g	architectural	manual (tiers/architectural.txt)
libpam-modules	architectural	manual (tiers/architectural.txt)
libpam-modules-bin	architectural	manual (tiers/architectural.txt)
libpam-runtime	architectural	manual (tiers/architectural.txt)
mount	architectural	manual (tiers/architectural.txt)
nftables	architectural	manual (tiers/architectural.txt)
procps	architectural	manual (tiers/architectural.txt)
systemd	architectural	manual (tiers/architectural.txt)
systemd-sysv	architectural	manual (tiers/architectural.txt)
udev	architectural	manual (tiers/architectural.txt)
util-linux	architectural	manual (tiers/architectural.txt)
cron	utility	manual (tiers/utility.txt)
cron-daemon-common	utility	manual (tiers/utility.txt)
dmidecode	utility	manual (tiers/utility.txt)
fdisk	utility	manual (tiers/utility.txt)
iputils-ping	utility	manual (tiers/utility.txt)
less	utility	manual (tiers/utility.txt)
logrotate	utility	manual (tiers/utility.txt)
nano	utility	manual (tiers/utility.txt)
vim-common	utility	manual (tiers/utility.txt)
vim-tiny	utility	manual (tiers/utility.txt)
whiptail	utility	manual (tiers/utility.txt)
adduser	debian-essential	auto (Priority/Essential)
apt	debian-essential	auto (Priority/Essential)
apt-utils	debian-essential	auto (Priority/Essential)
bash	debian-essential	auto (Priority/Essential)
bsdutils	debian-essential	auto (Priority/Essential)
cpio	debian-essential	auto (Priority/Essential)
debconf	debian-essential	auto (Priority/Essential)
debconf-i18n	debian-essential	auto (Priority/Essential)
debian-archive-keyring	debian-essential	auto (Priority/Essential)
debianutils	debian-essential	auto (Priority/Essential)
diffutils	debian-essential	auto (Priority/Essential)
e2fsprogs	debian-essential	auto (Priority/Essential)
gzip	debian-essential	auto (Priority/Essential)
hostname	debian-essential	auto (Priority/Essential)
init	debian-essential	auto (Priority/Essential)
libcap2-bin	debian-essential	auto (Priority/Essential)
liblocale-gettext-perl	debian-essential	auto (Priority/Essential)
libtext-charwidth-perl	debian-essential	auto (Priority/Essential)
libtext-iconv-perl	debian-essential	auto (Priority/Essential)
libtext-wrapi18n-perl	debian-essential	auto (Priority/Essential)
linux-sysctl-defaults	debian-essential	auto (Priority/Essential)
login	debian-essential	auto (Priority/Essential)
login.defs	debian-essential	auto (Priority/Essential)
mawk	debian-essential	auto (Priority/Essential)
ncurses-base	debian-essential	auto (Priority/Essential)
ncurses-bin	debian-essential	auto (Priority/Essential)
netbase	debian-essential	auto (Priority/Essential)
passwd	debian-essential	auto (Priority/Essential)
perl-base	debian-essential	auto (Priority/Essential)
sensible-utils	debian-essential	auto (Priority/Essential)
sysvinit-utils	debian-essential	auto (Priority/Essential)
tar	debian-essential	auto (Priority/Essential)
tzdata	debian-essential	auto (Priority/Essential)
gcc-14-base	dependency	auto (unclassified)
libacl1	dependency	auto (unclassified)
libapparmor1	dependency	auto (unclassified)
libapt-pkg7.0	dependency	auto (unclassified)
libattr1	dependency	auto (unclassified)
libaudit1	dependency	auto (unclassified)
libaudit-common	dependency	auto (unclassified)
libblkid1	dependency	auto (unclassified)
libbpf1	dependency	auto (unclassified)
libbsd0	dependency	auto (unclassified)
libbz2-1.0	dependency	auto (unclassified)
libcap2	dependency	auto (unclassified)
libcap-ng0	dependency	auto (unclassified)
libcom-err2	dependency	auto (unclassified)
libcrypt1	dependency	auto (unclassified)
libdb5.3t64	dependency	auto (unclassified)
libdebconfclient0	dependency	auto (unclassified)
libedit2	dependency	auto (unclassified)
libelf1t64	dependency	auto (unclassified)
libext2fs2t64	dependency	auto (unclassified)
libfdisk1	dependency	auto (unclassified)
libgcc-s1	dependency	auto (unclassified)
libgmp10	dependency	auto (unclassified)
libgssapi-krb5-2	dependency	auto (unclassified)
libhogweed6t64	dependency	auto (unclassified)
libidn2-0	dependency	auto (unclassified)
libjansson4	dependency	auto (unclassified)
libk5crypto3	dependency	auto (unclassified)
libkeyutils1	dependency	auto (unclassified)
libkmod2	dependency	auto (unclassified)
libkrb5-3	dependency	auto (unclassified)
libkrb5support0	dependency	auto (unclassified)
liblastlog2-2	dependency	auto (unclassified)
liblz4-1	dependency	auto (unclassified)
liblzma5	dependency	auto (unclassified)
libmd0	dependency	auto (unclassified)
libmnl0	dependency	auto (unclassified)
libmount1	dependency	auto (unclassified)
libncursesw6	dependency	auto (unclassified)
libnettle8t64	dependency	auto (unclassified)
libnewt0.52	dependency	auto (unclassified)
libnftables1	dependency	auto (unclassified)
libnftnl11	dependency	auto (unclassified)
libpcre2-8-0	dependency	auto (unclassified)
libpopt0	dependency	auto (unclassified)
libproc2-0	dependency	auto (unclassified)
libreadline8t64	dependency	auto (unclassified)
libseccomp2	dependency	auto (unclassified)
libselinux1	dependency	auto (unclassified)
libsemanage2	dependency	auto (unclassified)
libsemanage-common	dependency	auto (unclassified)
libsepol2	dependency	auto (unclassified)
libslang2	dependency	auto (unclassified)
libsmartcols1	dependency	auto (unclassified)
libsqlite3-0	dependency	auto (unclassified)
libss2	dependency	auto (unclassified)
libssl3t64	dependency	auto (unclassified)
libstdc++6	dependency	auto (unclassified)
libsystemd0	dependency	auto (unclassified)
libsystemd-shared	dependency	auto (unclassified)
libtinfo6	dependency	auto (unclassified)
libtirpc3t64	dependency	auto (unclassified)
libtirpc-common	dependency	auto (unclassified)
libudev1	dependency	auto (unclassified)
libunistring5	dependency	auto (unclassified)
libuuid1	dependency	auto (unclassified)
libxtables12	dependency	auto (unclassified)
libxxhash0	dependency	auto (unclassified)
libzstd1	dependency	auto (unclassified)
logsave	dependency	auto (unclassified)
openssl-provider-legacy	dependency	auto (unclassified)
readline-common	dependency	auto (unclassified)
sqv	dependency	auto (unclassified)
zlib1g	dependency	auto (unclassified)
